{
  "model_type": "KMeans",
  "n_clusters": 3,
  "training_date": "2026-01-06T07:03:09.849031",
  "training_size": 100000,
  "silhouette_score": 0.4757559021628782,
  "random_state": 42
}